Provincia;SE;FechaReporte;IA;SAV-C;SAV-P;SAV-Nexo;SAV-Total;SAV-Serotipos;CAVE-C;CAVE-P;Importados;CAVOP-C;CAVOP-P;Autoctonos;EnInv-C;EnInv-P;Total en Inv;Total notificados para dengue;Diferencia Semana Anterior;Fallecidos;AcumFallecidos;;;;;
Buenos Aires;22;30/5/2020;29,61;4280;12;788;5080;DEN 1 - DEN 2 - DEN 4;372;19;391;108;6;5194;33;62;95;12330;102;;4;;;;;
CABA;22;30/5/2020;217,94;3669;9;2921;6599;DEN 1 - DEN 2 - DEN 4;304;0;304;104;0;6703;56;37;93;11419;152;;1;;;;;
Córdoba;22;30/5/2020;86,24;2299;12;912;3223;DEN 1 - DEN 4;24;4;28;19;1;3243;66;163;229;8254;388;;5;;;;;
Entre Ríos;22;30/5/2020;41,70;362;5;191;558;DEN 1 - DEN 2 - DEN 4;18;1;19;19;1;578;4;7;11;1291;9;;1;;;;;
Santa Fe;22;30/5/2020;117,35;1687;9;2428;4124;DEN 1 - DEN 2 - DEN 4;44;7;51;25;1;4150;24;30;54;7301;219;;4;;;;;
Centro;22;30/5/2020;;12297;47;7240;19584;-;762;31;793;275;9;19868;183;299;482;40595;870;;15;;;;;
Mendoza;22;30/5/2020;0,40;1;0;1;2;DEN 2 - DEN 4;4;1;5;4;2;8;1;2;3;30;1;;0;;;;;
San Juan;22;30/5/2020;10,11;36;34;0;70;-;0;1;1;7;2;79;0;20;20;224;47;;0;;;;;
San Luis;22;30/5/2020;4,92;18;0;0;18;-;1;1;2;6;1;25;0;2;2;131;0;;0;;;;;
Cuyo;22;30/5/2020;;55;34;1;90;-;5;3;8;17;5;112;1;24;25;385;48;;0;;;;;
Chaco;22;30/5/2020;201,40;2103;11;274;2388;DEN 1 - DEN 4;26;0;26;38;0;2426;0;60;60;5302;232;;1;;;;;
Corrientes;22;30/5/2020;164,17;1642;85;39;1766;DEN 1 - DEN 4;49;3;52;56;18;1840;4;141;145;4835;253;;0;;;;;
Formosa;22;30/5/2020;123,76;214;6;517;737;DEN 1 - DEN 4;34;2;36;12;0;749;0;5;5;1339;71;;0;;;;;
Misiones;22;30/5/2020;424,25;1554;1;3785;5340;DEN 1 - DEN 2 - DEN 4;28;0;28;11;0;5351;178;5845;6023;;256;;2;;;;;
NEA;22;30/5/2020;;5513;103;4615;10231;-;137;5;142;117;18;10366;5;384;389;17321;812;;3;;;;;
Catamarca;22;30/5/2020;72,94;246;4;16;266;DEN 1 - DEN 4;8;0;8;36;1;303;7;3;10;1469;-137;;0;;;;;
Jujuy;22;30/5/2020;633,04;958;33;3873;4864;DEN 1 - DEN 4;10;0;10;15;1;4880;29;22;51;6720;338;;0;;;;;
La Rioja;22;30/5/2020;217,52;821;16;18;855;DEN 1;1;0;1;1;0;856;0;20;20;1724;31;;2;;;;;
Salta;22;30/5/2020;445,38;1693;168;4473;6334;DEN 1 - DEN 4;36;2;38;10;0;6344;36;90;126;9908;401;;1;;;;;
Santiago del Estero;22;30/5/2020;11,65;42;0;68;110;DEN 1 - DEN 4;4;0;4;4;0;114;1;3;4;1193;20;;0;;;;;
Tucuman;22;30/5/2020;393,30;0;0;6649;6649;DEN 1 - DEN 4;8;2;10;13;3;6665;3;134;137;6812;630;;4;;;;;
NOA;22;30/5/2020;;3760;221;15097;19078;-;67;4;71;79;5;19162;76;272;348;27826;1283;;7;;;;;
Chubut;22;30/5/2020;0,00;0;0;0;0;-;0;0;0;0;0;0;4;1;5;20;0;;0;;;;;
La Pampa;22;30/5/2020;1,39;0;0;0;0;-;0;0;0;4;1;5;0;1;1;24;0;;0;;;;;
Neuquén;22;30/5/2020;0,75;0;0;0;0;-;0;2;2;1;4;5;0;0;0;32;0;;0;;;;;
Río Negro;22;30/5/2020;0,54;0;0;0;0;-;1;1;2;4;0;4;0;0;0;25;0;;0;;;;;
Santa Cruz;22;30/5/2020;0,27;0;0;0;0;-;0;0;0;1;0;1;0;5;5;33;0;;0;;;;;
Tierra del Fuego;22;30/5/2020;1,13;0;0;0;0;-;0;0;0;1;1;2;0;2;2;19;0;;0;;;;;
Sur;22;30/5/2020;;0;0;0;0;-;1;3;4;11;6;17;4;9;13;153;0;;0;;;;;
Total PAIS;22;30/5/2020;;21625;405;26953;48983;-;972;46;1018;499;43;49525;269;988;1257;86280;3013;;25;;;;;
Buenos Aires;21;23/5/2020;29,03;4188;7;783;4978;DEN 1 - DEN 2 - DEN 4;369;19;388;107;7;5092;12;36;48;12091;233;;4;;;;;
CABA;21;23/5/2020;213,00;3512;0;2935;6447;DEN 1 - DEN 2 - DEN 4;301;0;301;104;0;6551;1;0;1;11156;102;;1;;;;;
Córdoba;21;23/5/2020;75,92;2272;2;561;2835;DEN 1 - DEN 4;24;4;28;19;1;2855;66;110;176;7990;936;;5;;;;;
Entre Ríos;21;23/5/2020;41,05;355;5;189;549;DEN 1 - DEN 2 - DEN 4;18;1;19;19;1;569;4;7;11;1259;30;;1;;;;;
Santa Fe;21;23/5/2020;111,16;1614;9;2282;3905;DEN 1 - DEN 2 - DEN 4;43;7;50;25;1;3931;23;33;56;7077;278;;4;;;;;
Centro;21;23/5/2020;;11941;23;6750;18714;;755;31;786;274;10;18998;106;186;292;39573;1579;;15;;;;;
Mendoza;21;23/5/2020;0,35;1;0;0;1;DEN 2 - DEN 4;4;1;5;4;2;7;1;2;3;29;-7;;0;;;;;
San Juan;21;23/5/2020;4,10;23;0;0;23;-;0;0;0;7;2;32;10;54;64;211;4;;0;;;;;
San Luis;21;23/5/2020;4,92;18;0;0;18;-;1;1;2;6;1;25;0;2;2;124;4;;0;;;;;
Cuyo;21;23/5/2020;;42;0;0;42;;5;2;7;17;5;64;11;58;69;364;8;;0;;;;;
Chaco;21;23/5/2020;181,73;1898;3;255;2156;DEN 1 - DEN 4;20;0;20;33;0;2189;0;55;55;4993;153;;1;;;;;
Corrientes;21;23/5/2020;141,60;1424;55;34;1513;DEN 1 - DEN 4;49;3;52;56;18;1587;5;139;144;4565;280;;0;;;;;
Formosa;21;23/5/2020;112,03;213;1;452;666;DEN 1 - DEN 4;34;2;36;12;0;678;0;10;10;1270;34;;0;;;;;
Misiones;21;23/5/2020;403,95;1536;0;3548;5084;DEN 1 - DEN 2 - DEN 4;28;0;28;11;0;5095;1;173;174;5577;176;;2;;;;;
NEA;21;23/5/2020;;5071;59;4289;9419;;131;5;136;112;18;9549;6;377;383;16405;643;;3;;;;;
Catamarca;21;23/5/2020;114,34;235;153;15;403;DEN 1 - DEN 4;7;0;7;36;36;475;10;8;18;1462;10;;0;;;;;
Jujuy;21;23/5/2020;589,20;902;0;3624;4526;DEN 1 - DEN 4;10;0;10;15;1;4542;42;52;94;6525;518;;0;;;;;
La Rioja;21;23/5/2020;209,64;806;0;18;824;DEN 1;1;0;1;1;0;825;0;35;35;1706;12;;2;;;;;
Salta;21;23/5/2020;417,23;1604;1;4328;5933;DEN 1 - DEN 4;35;2;37;10;0;5943;59;241;300;9694;388;;1;;;;;
Santiago del Estero;21;23/5/2020;9,61;41;0;49;90;DEN 1 - DEN 4;4;0;4;4;0;94;2;3;5;1141;9;;0;;;;;
Tucuman;21;23/5/2020;356,12;0;0;6019;6019;DEN 1 - DEN 4;8;2;10;13;3;6035;3;134;137;6182;1114;;4;;;;;
NOA;21;23/5/2020;;3588;154;14053;17795;;65;4;69;79;40;17914;116;473;589;26710;2051;;7;;;;;
Chubut;21;23/5/2020;0,00;0;0;0;0;-;0;0;0;0;0;0;4;1;5;20;0;;0;;;;;
La Pampa;21;23/5/2020;1,39;0;0;0;0;-;0;0;0;5;0;5;0;1;1;24;0;;0;;;;;
Neuquén;21;23/5/2020;0,75;0;0;0;0;-;0;2;2;1;4;5;0;0;0;32;0;;0;;;;;
Río Negro;21;23/5/2020;0,54;0;0;0;0;-;1;1;2;4;0;4;0;0;0;25;0;;0;;;;;
Santa Cruz;21;23/5/2020;0,27;0;0;0;0;-;0;0;0;1;0;1;0;5;5;33;0;;0;;;;;
Tierra del Fuego;21;23/5/2020;1,13;0;0;0;0;-;0;0;0;1;1;2;0;1;1;19;0;;0;;;;;
Sur;21;23/5/2020;;0;0;0;0;;1;3;4;12;5;17;4;8;12;153;0;;0;;;;;
Total PAIS;21;23/5/2020;;20642;236;25092;45970;;957;45;1002;494;78;46542;243;1102;1345;83205;4274;;25;;;;;
Buenos Aires;20;16/5/2020;27,68;3894;184;667;4745;DEN 1 - DEN 2 - DEN 4;358;22;380;105;6;4856;15;39;54;11689;438;;4;;;;;
CABA;20;16/5/2020;209,65;3373;0;2972;6345;DEN 1 - DEN 2 - DEN 4;300;0;300;103;0;6448;1;0;1;10825;137;;1;;;;;
Córdoba;20;16/5/2020;50,98;1379;1;519;1899;DEN 1 - DEN 4;24;3;27;18;0;1917;335;528;863;7531;105;;5;;;;;
Entre Ríos;20;16/5/2020;38,82;343;3;173;519;DEN 1 - DEN 2 - DEN 4;17;1;18;18;1;538;3;6;9;1194;22;;1;;;;;
Santa Fe;20;16/5/2020;103,24;1427;5;2195;3627;DEN 1 - DEN 2 - DEN 4;40;5;45;23;1;3651;42;28;70;6622;423;;4;;;;;
Centro;20;16/5/2020;;10416;193;6526;17135;;739;31;770;267;8;17410;396;601;997;37861;1125;;15;;;;;
Mendoza;20;16/5/2020;0,70;1;0;0;8;DEN 2 - DEN 4;4;0;4;4;2;14;1;2;3;28;1;;0;;;;;
San Juan;20;16/5/2020;3,58;19;0;0;19;-;0;0;0;7;2;28;5;2;7;168;5;;0;;;;;
San Luis;20;16/5/2020;3,74;14;0;0;14;-;0;1;1;4;1;19;0;2;2;122;0;;0;;;;;
Cuyo;20;16/5/2020;;34;0;0;34;;4;1;5;15;5;54;6;6;12;318;5;;0;;;;;
Chaco;20;16/5/2020;168,69;1803;3;197;2003;DEN 1 - DEN 4;16;0;16;29;0;2032;1;34;35;4714;333;;1;;;;;
Corrientes;20;16/5/2020;116,35;1142;52;39;1233;DEN 1 - DEN 4;46;3;49;54;17;1304;5;74;79;4129;212;;0;;;;;
Formosa;20;16/5/2020;106,41;212;1;419;632;DEN 1 - DEN 4;34;2;36;12;0;644;0;9;9;1235;23;;0;;;;;
Misiones;20;16/5/2020;390,00;1489;0;3419;4908;DEN 1 - DEN 2 - DEN 4;27;0;27;11;0;4919;0;169;169;5333;132;;2;;;;;
NEA;20;16/5/2020;;4646;56;4074;8776;;123;5;128;106;17;8899;6;286;292;15411;700;;3;;;;;
Catamarca;20;16/5/2020;111,93;225;153;15;393;DEN 1 - DEN 4;7;0;7;36;36;465;10;3;13;1446;17;;0;;;;;
Jujuy;20;16/5/2020;522,00;839;0;3169;4008;DEN 1 - DEN 4;10;0;10;15;1;4024;44;43;87;6135;656;;0;;;;;
La Rioja;20;16/5/2020;206,59;794;0;18;812;DEN 1;1;0;1;1;0;813;0;32;32;1690;39;;2;;;;;
Salta;20;16/5/2020;389,99;1462;0;4083;5545;DEN 1 - DEN 4;32;1;33;10;0;5555;83;191;274;9177;1364;;1;;;;;
Santiago del Estero;20;16/5/2020;8,69;37;0;44;81;DEN 1 - DEN 4;4;0;4;4;0;85;5;3;8;1091;3;;0;;;;;
Tucuman;20;16/5/2020;290,38;0;0;4905;4905;DEN 1 - DEN 4;8;2;10;13;3;4921;3;134;137;5068;-401;1;4;;;;;
NOA;20;16/5/2020;;3357;153;12234;15744;;62;3;65;79;40;15863;145;406;551;24607;1678;;7;;;;;
Chubut;20;16/5/2020;0,00;0;0;0;0;-;0;0;0;0;0;0;4;1;5;19;0;;0;;;;;
La Pampa;20;16/5/2020;1,39;0;0;0;0;-;0;0;0;5;0;5;0;0;0;23;0;;0;;;;;
Neuquén;20;16/5/2020;0,75;0;0;0;0;-;0;2;2;1;4;5;0;0;0;32;0;;0;;;;;
Río Negro;20;16/5/2020;0,54;0;0;0;0;-;1;1;2;4;0;4;0;0;0;25;0;;0;;;;;
Santa Cruz;20;16/5/2020;0,27;0;0;0;0;-;0;0;0;1;0;1;0;3;3;33;0;;0;;;;;
Tierra del Fuego;20;16/5/2020;1,13;0;0;0;0;-;0;0;0;1;1;2;0;0;0;19;0;;0;;;;;
Sur;20;16/5/2020;;0;0;0;0;;1;3;4;12;5;17;4;4;8;151;0;;0;;;;;
Total PAIS;20;16/5/2020;;18453;402;22834;41696;;929;43;972;479;75;42250;557;1303;1860;78348;3509;;25;;;;;
Buenos Aires;19;9/5/2020;25,20;3630;47;630;4307;DEN 1 - DEN 2 - DEN 4;362;22;384;106;7;4420;142;214;356;11068;55;;4;;;;;
CABA;19;9/5/2020;205,19;3236;3;2969;6208;DEN 1 - DEN 2 - DEN 4;297;0;297;103;0;6311;9;14;23;10128;590;;1;;;;;
Córdoba;19;9/5/2020;48,21;1348;14;432;1794;DEN 1 - DEN 4;24;4;28;18;1;1813;325;564;889;6847;247;;5;;;;;
Entre Ríos;19;9/5/2020;37,23;336;6;155;497;DEN 1 - DEN 2 - DEN 4;16;2;18;17;2;516;1;6;7;1131;46;;1;;;;;
Santa Fe;19;9/5/2020;91,28;1070;26;2108;3204;DEN 1 - DEN 2 - DEN 4;33;5;38;23;1;3228;23;30;53;6004;368;;4;;;;;
Centro;19;9/5/2020;;9620;96;6294;16010;;732;33;765;267;11;16288;500;828;1328;35178;1306;;15;;;;;
Mendoza;19;9/5/2020;0,65;1;0;0;7;DEN 2 - DEN 4;4;1;5;4;2;13;0;2;2;27;1;;0;;;;;
San Juan;19;9/5/2020;3,07;5;9;0;14;Sin información;0;0;0;7;3;24;2;33;35;116;10;;0;;;;;
San Luis;19;9/5/2020;3,74;14;0;0;14;Sin información;0;1;1;4;1;19;0;2;2;114;1;;0;;;;;
Cuyo;19;9/5/2020;;20;9;0;29;;4;2;6;15;6;50;2;37;39;257;11;;0;;;;;
Chaco;19;9/5/2020;140,80;1538;10;122;1670;DEN 1 - DEN 4;12;0;12;26;0;1696;0;37;37;4187;254;;1;;;;;
Corrientes;19;9/5/2020;97,52;936;53;32;1021;DEN 1 - DEN 4;46;3;49;54;18;1093;1;83;84;3767;124;;0;;;;;
Formosa;19;9/5/2020;102,61;192;16;401;609;DEN 1 - DEN 4;33;3;36;12;0;621;0;15;15;1209;128;;0;;;;;
Misiones;19;9/5/2020;379,61;2189;0;2587;4776;DEN 1 - DEN 2 - DEN 4;27;0;27;12;0;4788;27;170;197;5206;1356;;2;;;;;
NEA;19;9/5/2020;;4855;79;3142;8076;;118;6;124;104;18;8198;28;305;333;14369;1862;;3;;;;;
Catamarca;19;9/5/2020;107,84;213;149;14;376;DEN 1 - DEN 4;3;0;3;36;36;448;10;3;13;1287;51;;0;;;;;
Jujuy;19;9/5/2020;436,90;707;66;2579;3352;DEN 1 - DEN 4;8;2;10;14;2;3368;39;59;98;5448;717;;0;;;;;
La Rioja;19;9/5/2020;196,68;755;0;18;773;DEN 1;1;0;1;1;0;774;0;32;32;1616;3;;2;;;;;
Salta;19;9/5/2020;294,23;1403;7;2771;4181;DEN 1 - DEN 4;33;1;34;10;0;4191;45;218;263;7532;490;;1;;;;;
Santiago del Estero;19;9/5/2020;8,38;40;0;38;78;DEN 1 - DEN 4;4;0;4;4;0;82;2;3;5;1030;3;;0;;;;;
Tucuman;19;9/5/2020;314,05;557;23;4726;5306;DEN 1 - DEN 4;8;2;10;13;3;5322;3;143;146;7839;1499;;3;;;;;
NOA;19;9/5/2020;;3675;245;10146;14066;;57;5;62;78;41;14185;99;458;557;24752;2763;;6;;;;;
Chubut;19;9/5/2020;0,00;0;0;0;0;Sin información;0;0;0;0;0;0;4;1;5;18;0;;0;;;;;
La Pampa;19;9/5/2020;1,39;0;0;0;0;Sin información;0;0;0;5;0;5;0;0;0;23;0;;0;;;;;
Neuquén;19;9/5/2020;0,75;0;0;0;0;Sin información;0;2;2;1;4;5;0;1;1;32;0;;0;;;;;
Río Negro;19;9/5/2020;0,54;0;0;0;0;Sin información;1;1;2;4;0;4;0;0;0;25;0;;0;;;;;
Santa Cruz;19;9/5/2020;0,27;0;0;0;0;Sin información;0;0;0;1;0;1;0;4;4;31;0;;0;;;;;
Tierra del Fuego;19;9/5/2020;1,13;0;0;0;0;Sin información;0;0;0;1;1;2;0;0;0;16;0;;0;;;;;
Sur;19;9/5/2020;;0;0;0;0;;1;3;4;12;5;17;4;6;10;145;0;;0;;;;;
Total PAIS;19;9/5/2020;;18170;429;19582;38187;0;912;49;961;476;81;38744;633;1634;2267;74701;5948;;24;;;;;
Buenos Aires;18;4/5/2020;24,87;3553;140;559;4252;DEN 1 - DEN 2 - DEN 4;360;22;382;104;7;4363;9;41;50;10383;646;;4;;;;;
CABA;18;4/5/2020;185,98;2931;15;2672;5618;DEN 1 - DEN 2 - DEN 4;298;0;298;102;0;5720;1;0;1;9294;834;;1;;;;;
Córdoba;18;4/5/2020;41,64;1258;3;286;1547;DEN 1 - DEN 4;24;4;28;18;1;1566;349;445;794;6402;451;;5;;;;;
Entre Ríos;18;4/5/2020;33,91;316;7;128;451;DEN 1 - DEN 2 - DEN 4;16;2;18;17;2;470;1;11;12;1070;85;;1;;;;;
Santa Fe;18;4/5/2020;80,84;870;8;1958;2836;DEN 1 - DEN 2 - DEN 4;33;5;38;22;1;2859;19;43;62;5191;810;1;4;;;;;
Centro;18;4/5/2020;;8928;173;5603;14704;;731;33;764;263;11;14978;379;540;919;32340;2826;;15;;;;;
Mendoza;18;4/5/2020;0,60;1;0;0;6;DEN 2 - DEN 4;4;0;4;4;2;12;3;0;3;26;1;;0;;;;;
San Juan;18;4/5/2020;1,79;3;1;0;4;Sin información;0;0;0;7;3;14;3;8;11;70;2;;0;;;;;
San Luis;18;4/5/2020;3,54;13;0;0;13;Sin información;0;1;1;4;1;18;0;2;2;108;1;;0;;;;;
Cuyo;18;4/5/2020;;17;1;0;18;;4;1;5;15;6;39;6;10;16;204;1;;0;;;;;
Chaco;18;4/5/2020;119,46;1349;3;64;1416;DEN 1 - DEN 4;12;0;12;23;0;1439;0;42;42;3787;459;;1;;;;;
Corrientes;18;4/5/2020;86,37;835;53;9;897;DEN 1 - DEN 4;46;3;49;53;18;968;1;68;69;3366;177;;0;;;;;
Formosa;18;4/5/2020;81,46;192;5;284;481;DEN 1 - DEN 4;33;3;36;12;0;493;0;26;26;1093;264;;0;;;;;
Misiones;18;4/5/2020;272,02;1372;0;2048;3420;DEN 1 - DEN 2 - DEN 4;27;0;27;11;0;3431;16;175;191;4930;592;;2;;;;;
NEA;18;4/5/2020;;3748;61;2405;6214;;118;6;124;99;18;6331;17;311;328;13176;1492;;3;;;;;
Catamarca;18;4/5/2020;94,12;185;128;12;325;DEN 1 - DEN 4;3;0;3;33;33;391;4;1;5;1247;57;;0;;;;;
Jujuy;18;4/5/2020;343,50;576;1;2058;2635;DEN 1 - DEN 4;8;2;10;13;0;2648;77;100;177;4749;984;;0;;;;;
La Rioja;18;4/5/2020;195,92;752;0;18;770;DEN 1;1;0;1;1;0;771;0;32;32;1612;43;;2;;;;;
Salta;18;4/5/2020;259,76;1259;19;2413;3691;DEN 1 - DEN 4;32;1;33;9;0;3700;30;182;212;6723;2038;1;1;;;;;
Santiago del Estero;18;4/5/2020;8,08;38;0;37;75;DEN 1 - DEN 4;4;0;4;4;0;79;2;3;5;958;35;;0;;;;;
Tucuman;18;4/5/2020;225,47;397;4;3406;3807;DEN 1 - DEN 4;8;2;10;12;2;3821;3;61;64;6113;2443;;3;;;;;
NOA;18;4/5/2020;;3207;152;7944;11303;;56;5;61;72;35;11410;116;379;495;21402;5600;;6;;;;;
Chubut;18;4/5/2020;0,00;0;0;0;0;Sin información;0;0;0;0;0;0;0;1;1;17;0;;0;;;;;
La Pampa;18;4/5/2020;1,39;0;0;0;0;Sin información;0;0;0;5;0;5;0;0;0;23;0;;0;;;;;
Neuquén;18;4/5/2020;0,75;0;0;0;0;Sin información;0;2;2;1;4;5;0;1;1;32;0;;0;;;;;
Río Negro;18;4/5/2020;0,54;0;0;0;0;Sin información;1;1;2;4;0;4;0;0;0;23;0;;0;;;;;
Santa Cruz;18;4/5/2020;0,27;0;0;0;0;Sin información;0;0;0;1;0;1;0;4;4;30;0;;0;;;;;
Tierra del Fuego;18;4/5/2020;1,13;0;0;0;0;Sin información;0;0;0;1;1;2;0;0;0;16;0;;0;;;;;
Sur;18;4/5/2020;;0;0;0;0;;1;3;4;12;5;17;0;6;6;141;0;;0;;;;;
Total PAIS;18;4/5/2020;;15900;387;15952;32239;;910;48;958;461;75;32775;518;1246;1764;67263;9919;;24;;;;;
Buenos Aires;16;18/4/2020;21,17;3166;7;433;3606;DEN 1 - DEN 2 - DEN 4;356;27;383;98;9;3713;10;41;51;9163;868;;4;;;;;
CABA;16;18/4/2020;158,80;2642;1;2141;4784;DEN 1 - DEN 2 - DEN 4;298;0;298;100;0;4884;1;0;1;8052;1077;;1;;;;;
Córdoba;16;18/4/2020;29,65;901;3;192;1096;DEN 1 - DEN 4;24;4;28;18;1;1115;483;405;888;5565;135;;5;;;;;
Entre Ríos;16;18/4/2020;27,78;279;10;77;366;DEN 1 -  DEN 4;15;3;18;15;4;385;2;14;16;927;119;;1;;;;;
Santa Fe;16;18/4/2020;57,94;515;7;1504;2026;DEN 1 - DEN 2 - DEN 4;31;6;37;21;2;2049;50;113;163;4011;694;;3;;;;;
Centro;16;18/4/2020;;7503;28;4347;11878;;724;40;764;252;16;12146;546;573;1119;27718;2893;;14;;;;;
Mendoza;16;18/4/2020;0,45;1;0;2;5;DEN 2 - DEN 4;4;0;4;2;2;9;1;2;3;26;3;;0;;;;;
San Juan;16;18/4/2020;1,41;2;0;0;2;Sin información;0;0;0;5;4;11;0;3;3;43;0;;0;;;;;
San Luis;16;18/4/2020;3,34;12;0;0;12;Sin información;0;1;1;4;1;17;0;0;0;91;4;;0;;;;;
Cuyo;16;18/4/2020;;15;0;2;17;;4;1;5;11;7;35;1;5;6;160;5;;0;;;;;
Chaco;16;18/4/2020;81,36;941;3;13;957;DEN 1 - DEN 4;12;0;12;23;0;980;0;41;41;3044;182;;1;;;;;
Corrientes;16;18/4/2020;70,40;656;60;4;720;DEN 1 - DEN 4;46;3;49;50;19;789;1;56;57;2840;182;;0;;;;;
Formosa;16;18/4/2020;38,00;190;5;22;217;DEN 1 - DEN 4;33;3;36;13;0;230;0;27;27;830;52;;0;;;;;
Misiones;16;18/4/2020;225,09;1190;0;1638;2828;DEN 1 - DEN 2 - DEN 4;27;0;27;11;0;2839;16;161;177;4254;211;;2;;;;;
NEA;16;18/4/2020;;2977;68;1677;4722;;118;6;124;97;19;4838;17;285;302;10963;627;;3;;;;;
Catamarca;16;18/4/2020;78,95;149;106;13;268;DEN 1;2;0;2;30;30;328;3;1;4;1149;184;;0;;;;;
Jujuy;16;18/4/2020;215,47;409;2;1240;1651;DEN 1 - DEN 4;8;2;10;10;0;1661;65;90;155;3421;637;;0;;;;;
La Rioja;16;18/4/2020;184,99;709;0;18;727;DEN 1;1;0;1;1;0;728;0;53;53;1567;70;1;2;;;;;
Salta;16;18/4/2020;116,68;700;2;951;1653;DEN 1 - DEN 4;32;1;33;9;0;1662;32;236;268;4263;465;;0;;;;;
Santiago del Estero;16;18/4/2020;4,50;36;0;4;40;DEN 1 - DEN 4;4;0;4;4;0;44;2;4;6;800;1;;0;;;;;
Tucuman;16;18/4/2020;81,31;141;1;1222;1364;DEN 1 - DEN 4;8;2;10;12;2;1378;3;50;53;2460;616;;3;;;;;
NOA;16;18/4/2020;;2144;111;3448;5703;;55;5;60;66;32;5801;105;434;539;13620;1973;;5;;;;;
Chubut;16;18/4/2020;0,00;0;0;0;0;Sin información;0;0;0;0;0;0;0;0;0;15;0;;0;;;;;
La Pampa;16;18/4/2020;1,39;0;0;0;0;Sin información;0;0;0;5;0;5;0;0;0;19;0;;0;;;;;
Neuquén;16;18/4/2020;0,75;0;0;0;0;Sin información;0;2;2;5;0;5;1;0;1;31;0;;0;;;;;
Río Negro;16;18/4/2020;0,67;0;0;0;0;Sin información;1;1;2;4;1;5;0;0;0;21;0;;0;;;;;
Santa Cruz;16;18/4/2020;0,27;0;0;0;0;Sin información;0;0;0;1;0;1;0;2;2;27;0;;0;;;;;
Tierra del Fuego;16;18/4/2020;1,13;0;0;0;0;Sin información;0;0;0;1;1;2;0;0;0;15;0;;0;;;;;
Sur;16;18/4/2020;;0;0;0;0;;1;3;4;16;2;18;1;2;3;128;0;;0;;;;;
Total PAIS;16;18/4/2020;;12639;207;9474;22320;;902;55;957;442;76;22838;670;1299;1969;52594;5498;;22;;;;;
Buenos Aires;15;11/4/2020;16,20;929;1590;219;2738;DEN 1 - DEN 2 - DEN 4;180;199;379;39;64;2841;48;36;84;7899;650;;4;;;;;
CABA;15;11/4/2020;123,75;1019;1103;1585;3707;DEN 1 - DEN 2 - DEN 4;196;96;292;55;44;3806;3;2;5;6607;641;1;1;;;;;
Córdoba;15;11/4/2020;26,01;779;171;11;961;DEN 1 - DEN 4;21;8;29;13;4;978;72;26;98;4065;634;4;5;;;;;
Entre Ríos;15;11/4/2020;19,05;178;26;43;247;DEN 1 -  DEN 4;11;6;17;11;6;264;7;6;13;740;39;;1;;;;;
Santa Fe;15;11/4/2020;38,29;157;210;965;1332;DEN 1 - DEN 2 - DEN 4;24;12;36;14;8;1354;42;84;126;3108;423;2;3;;;;;
Centro;15;11/4/2020;;3062;3100;2823;8985;;432;321;753;132;126;9243;172;154;326;22419;2387;;14;;;;;
Mendoza;15;11/4/2020;0,30;1;0;1;2;DEN 2 - DEN 4;3;1;4;2;2;6;1;1;2;23;1;;0;;;;;
San Juan;15;11/4/2020;1,28;0;2;0;2;Sin información;0;0;0;4;4;10;0;2;2;32;2;;0;;;;;
San Luis;15;11/4/2020;2,36;0;8;0;8;Sin información;0;0;0;1;3;12;0;1;1;76;0;;0;;;;;
Cuyo;15;11/4/2020;;1;10;1;12;;3;1;4;7;9;28;1;4;5;131;3;;0;;;;;
Chaco;15;11/4/2020;66,17;235;531;9;775;DEN 1 - DEN 4;6;9;15;13;9;797;3;19;22;2709;48;1;1;;;;;
Corrientes;15;11/4/2020;53,89;22;513;3;538;DEN 1 - DEN 4;22;26;48;16;50;604;1;60;61;2332;2;;0;;;;;
Formosa;15;11/4/2020;28,75;8;155;2;165;DEN 1 - DEN 4;20;20;40;6;3;174;2;17;19;702;45;;0;;;;;
Misiones;15;11/4/2020;208,28;221;953;1443;2617;DEN 1 - DEN 2 - DEN 4;11;12;23;4;6;2627;1;1;2;3827;1716;;2;;;;;
NEA;15;11/4/2020;;486;2152;1457;4095;;59;67;126;39;68;4202;7;97;104;9570;1811;;3;;;;;
Catamarca;15;11/4/2020;25,03;22;54;8;84;DEN 1;2;0;2;10;10;104;0;10;10;995;2;;0;;;;;
Jujuy;15;11/4/2020;132,58;232;85;697;1014;DEN 1 - DEN 4;6;4;10;5;3;1022;60;45;105;2553;317;;0;;;;;
La Rioja;15;11/4/2020;167,20;442;198;17;657;DEN 1;1;0;1;0;1;658;13;31;44;1460;53;;1;;;;;
Salta;15;11/4/2020;83,90;198;332;658;1188;DEN 1 - DEN 4;17;15;32;7;0;1195;51;117;168;3761;482;;0;;;;;
Santiago del Estero;15;11/4/2020;4,40;19;16;4;39;DEN 1 - DEN 4;4;0;4;4;0;43;2;3;5;607;-10;;0;;;;;
Tucuman;15;11/4/2020;44,91;49;30;669;748;DEN 1 - DEN 4;5;4;9;10;3;761;6;13;19;1878;480;3;3;;;;;
NOA;15;11/4/2020;;962;715;2053;3730;;35;23;58;36;17;3783;132;219;351;11254;1324;;4;;;;;
Chubut;15;11/4/2020;0,00;0;0;0;0;Sin información;0;0;0;0;0;0;0;0;0;15;0;;0;;;;;
La Pampa;15;11/4/2020;1,39;0;0;0;0;Sin información;0;2;2;1;4;5;0;0;0;19;0;;0;;;;;
Neuquén;15;11/4/2020;0,60;0;0;0;0;Sin información;0;2;2;3;1;4;0;1;1;30;0;;0;;;;;
Río Negro;15;11/4/2020;0,13;0;0;0;0;Sin información;1;0;1;1;0;1;3;1;4;20;0;;0;;;;;
Santa Cruz;15;11/4/2020;0,00;0;0;0;0;Sin información;0;0;0;0;0;0;0;2;2;25;0;;0;;;;;
Tierra del Fuego;15;11/4/2020;0,57;0;0;0;0;Sin información;0;0;0;1;0;1;0;1;1;14;0;;0;;;;;
Sur;15;11/4/2020;;0;0;0;0;;1;4;5;6;5;11;3;5;8;123;0;;0;;;;;
Total PAIS;15;11/4/2020;;4511;5977;6334;16822;;530;416;946;220;225;17267;315;479;794;43497;5525;;21;;;;;
Buenos Aires;14;5/4/2020;12,48;348;1598;142;2088;DEN 1 - DEN 2 - DEN 4;169;206;375;35;67;2190;134;250;384;7307;781;2;4;;;;;
CABA;14;5/4/2020;102,78;549;1279;1238;3066;DEN 1 - DEN 2 - DEN 4;184;104;288;45;50;3161;10;27;37;5803;1470;;0;;;;;
Córdoba;14;5/4/2020;9,15;156;170;1;327;DEN 1 - DEN 4;20;8;28;13;4;344;257;111;368;3684;91;1;1;;;;;
Entre Ríos;14;5/4/2020;16,23;29;150;29;208;DEN 1 -  DEN 4;8;9;17;7;10;225;2;12;14;679;142;1;1;;;;;
Santa Fe;14;5/4/2020;26,33;110;234;565;909;DEN 1 - DEN 4;23;13;36;14;8;931;37;77;114;2676;499;;1;;;;;
Centro;14;5/4/2020;;1192;3431;1975;6598;;404;340;744;114;139;6851;440;477;917;20149;2983;;7;;;;;
Mendoza;14;5/4/2020;0,25;1;0;0;1;DEN 4;3;1;4;2;2;5;1;1;2;23;0;;0;;;;;
San Juan;14;5/4/2020;1,02;0;0;0;0;Sin información;0;0;0;4;4;8;0;2;2;27;0;;0;;;;;
San Luis;14;5/4/2020;2,36;0;8;0;8;Sin información;0;0;0;0;4;12;0;1;1;75;5;;0;;;;;
Cuyo;14;5/4/2020;;1;8;0;9;;3;1;4;6;10;25;1;4;5;125;5;;0;;;;;
Chaco;14;5/4/2020;62,10;75;645;7;727;DEN 1 - DEN 4;5;8;13;8;13;748;0;19;19;2623;213;;0;;;;;
Corrientes;14;5/4/2020;53,44;22;512;2;536;DEN 1 - DEN 4;22;24;46;16;47;599;2;64;66;2262;213;;0;;;;;
Formosa;14;5/4/2020;21,32;8;112;0;120;DEN 1 - DEN 4;19;16;35;6;3;129;1;11;12;422;79;;0;;;;;
Misiones;14;5/4/2020;72,15;171;730;0;901;DEN 1 - DEN 2 - DEN 4;10;12;22;3;6;910;23;197;220;3707;225;;2;;;;;
NEA;14;5/4/2020;;276;1999;9;2284;;56;60;116;33;69;2386;26;291;317;9014;730;;2;;;;;
Catamarca;14;5/4/2020;24,55;22;60;0;82;DEN 1;2;0;2;10;10;102;0;11;11;940;3;;0;;;;;
Jujuy;14;5/4/2020;91,19;91;207;399;697;DEN 1 - DEN 4;6;4;10;4;2;703;34;66;100;2150;499;;0;;;;;
La Rioja;14;5/4/2020;153,48;15;577;12;604;DEN 1;1;0;1;0;0;604;0;41;41;1385;473;;1;;;;;
Salta;14;5/4/2020;50,06;96;378;232;706;DEN 1 - DEN 4;17;14;31;7;0;713;23;141;164;3477;317;;0;;;;;
Santiago del Estero;14;5/4/2020;5,32;19;16;14;49;DEN 1;4;0;4;3;0;52;0;4;4;555;14;;0;;;;;
Tucuman;14;5/4/2020;16,52;12;68;188;268;DEN 1 - DEN 4;2;5;7;1;11;280;3;16;19;1658;104;;0;;;;;
NOA;14;5/4/2020;;255;1306;845;2406;;32;23;55;25;23;2454;60;279;339;10165;1410;;1;;;;;
Chubut;14;5/4/2020;0,00;0;0;0;0;Sin información;0;0;0;0;0;0;0;0;0;15;0;;0;;;;;
La Pampa;14;5/4/2020;1,12;0;0;0;0;Sin información;0;2;2;0;4;4;1;0;1;20;0;;0;;;;;
Neuquén;14;5/4/2020;0,75;0;0;0;0;Sin información;0;2;2;1;4;5;0;0;0;29;0;;0;;;;;
Río Negro;14;5/4/2020;0,13;0;0;0;0;Sin información;1;0;1;1;0;1;2;2;4;19;0;;0;;;;;
Santa Cruz;14;5/4/2020;0,00;0;0;0;0;Sin información;0;0;0;0;0;0;0;2;2;23;0;;0;;;;;
Tierra del Fuego;14;5/4/2020;0,57;0;0;0;0;Sin información;0;0;0;1;0;1;0;1;1;14;0;;0;;;;;
Sur;14;5/4/2020;;0;0;0;0;;1;4;5;3;8;11;3;5;8;120;0;;0;;;;;
Total PAIS;14;5/4/2020;;1724;6744;2829;11297;;496;428;924;181;249;11727;530;1056;1586;39573;5128;;10;;;;;
Buenos Aires;12;25/3/2020;7,95;273;964;70;1307;DEN 1 - DEN 2 - DEN 4;163;188;351;33;54;1394;13;35;48;5336;942;;2;;;;;
CABA;12;25/3/2020;54,40;368;722;506;1596;DEN 1 - DEN 2 - DEN 4;178;89;267;39;38;1673;0;0;0;3849;1272;;0;;;;;
Córdoba;12;25/3/2020;6,70;128;107;1;236;DEN 1 - DEN 4;18;8;26;12;4;252;14;10;24;2308;80;;0;;;;;
Entre Ríos;12;25/3/2020;5,70;14;46;6;66;DEN 1 -  DEN 4;8;8;16;5;8;79;0;7;7;414;38;;0;;;;;
Santa Fe;12;25/3/2020;12,05;44;98;268;410;DEN 1 - DEN 2 - DEN 4;24;12;36;8;8;426;38;51;89;1757;359;;1;;;;;
Centro;12;25/3/2020;;827;1937;851;3615;;391;305;696;97;112;3824;65;103;168;13664;2691;;3;;;;;
Mendoza;12;25/3/2020;0,20;1;0;0;1;DEN 2 - DEN 4;3;2;5;2;1;4;1;1;2;21;0;;0;;;;;
San Juan;12;25/3/2020;0,51;0;0;0;0;Sin información;0;0;0;1;3;4;0;0;0;24;0;;0;;;;;
San Luis;12;25/3/2020;0,59;0;3;0;3;Sin información;0;0;0;0;0;3;0;2;2;46;3;;0;;;;;
Cuyo;12;25/3/2020;;1;3;0;4;;3;2;5;3;4;11;1;3;4;91;3;;0;;;;;
Chaco;12;25/3/2020;44,33;73;441;0;514;DEN 1 - DEN 4;5;10;15;9;11;534;1;5;6;2111;373;;0;;;;;
Corrientes;12;25/3/2020;33,10;22;300;1;323;DEN 1 - DEN 4;22;18;40;14;34;371;2;42;44;1607;179;;0;;;;;
Formosa;12;25/3/2020;8,59;6;35;0;41;DEN 1 - DEN 4;17;13;30;8;3;52;1;1;2;197;-3;;0;;;;;
Misiones;12;25/3/2020;54,23;171;505;0;676;DEN 1 - DEN 2 - DEN 4;10;11;21;2;6;684;18;151;169;2490;229;1;2;;;;;
NEA;12;25/3/2020;;272;1281;1;1554;;54;52;106;33;54;1641;22;199;221;6405;778;;2;;;;;
Catamarca;12;25/3/2020;23,83;22;57;0;79;DEN 1;2;0;2;10;10;99;0;9;9;749;71;;0;;;;;
Jujuy;12;25/3/2020;26,59;50;111;37;198;DEN 1 - DEN 4;6;4;10;4;3;205;8;40;48;1219;149;;0;;;;;
La Rioja;12;25/3/2020;33,29;32;90;9;131;DEN 1;1;0;1;0;0;131;0;2;2;598;65;1;1;;;;;
Salta;12;25/3/2020;27,87;148;234;7;389;DEN 1 - DEN 4;22;9;31;8;0;397;4;9;13;2286;213;;0;;;;;
Santiago del Estero;12;25/3/2020;3,78;19;16;0;35;DEN 1;4;0;4;2;0;37;1;2;3;359;0;;0;;;;;
Tucuman;12;25/3/2020;9,97;14;57;93;164;DEN 1 - DEN 4;1;4;5;0;5;169;2;1;3;889;146;;0;;;;;
NOA;12;25/3/2020;;285;565;146;996;;36;17;53;24;18;1038;15;63;78;6100;644;;1;;;;;
Chubut;12;25/3/2020;0,00;0;0;0;0;Sin información;0;0;0;0;0;0;0;0;0;9;0;;0;;;;;
La Pampa;12;25/3/2020;0,84;0;0;0;0;Sin información;0;1;1;0;3;3;0;0;0;14;0;;0;;;;;
Neuquén;12;25/3/2020;0,45;0;0;0;0;Sin información;0;2;2;1;2;3;0;1;1;23;0;;0;;;;;
Río Negro;12;25/3/2020;0,13;0;0;0;0;Sin información;2;1;3;1;0;1;1;0;1;15;0;;0;;;;;
Santa Cruz;12;25/3/2020;0,00;0;0;0;0;Sin información;0;0;0;0;0;0;0;1;1;20;0;;0;;;;;
Tierra del Fuego;12;25/3/2020;0,57;0;0;0;0;Sin información;0;0;0;1;0;1;0;0;0;10;0;;0;;;;;
Sur;12;25/3/2020;;0;0;0;0;;2;4;6;3;5;8;1;2;3;91;0;;0;;;;;
Total PAIS;12;25/3/2020;;1385;3786;998;6169;;486;380;866;160;193;6522;104;370;474;26351;4116;;6;;;;;
Buenos Aires;10;9/3/2020;2,08;108;257;0;365;DEN 1 - DEN 2 - DEN 4;142;113;255;;;365;1;0;1;2281;209;;2;;;;;
CABA;10;9/3/2020;10,53;159;165;0;324;DEN 1 - DEN 2 - DEN 4;157;60;217;;;324;4;6;10;1525;144;;0;;;;;
Córdoba;10;9/3/2020;4,15;98;58;0;156;DEN 1;29;10;39;;;156;9;6;15;1001;65;;0;;;;;
Entre Ríos;10;9/3/2020;2,02;10;18;0;28;DEN 4;8;4;12;;;28;1;6;7;239;7;;0;;;;;
Santa Fe;10;9/3/2020;1,44;32;19;0;51;DEN 1 - DEN 4;20;10;30;;;51;4;8;12;794;31;1;1;;;;;
Centro;10;9/3/2020;;407;517;0;924;;356;197;553;;;924;19;26;45;5840;456;;3;;;;;
Mendoza;10;9/3/2020;0,05;1;0;0;1;DEN 4;4;2;6;;;1;0;0;0;14;0;;0;;;;;
San Juan;10;9/3/2020;0,00;0;0;0;0;Sin información;0;1;1;;;0;0;0;0;8;0;;0;;;;;
San Luis;10;9/3/2020;0,00;0;0;0;0;Sin información;0;0;0;;;0;0;0;0;48;0;;0;;;;;
Cuyo;10;9/3/2020;;1;0;0;1;;4;3;7;;;1;0;0;0;70;0;;0;;;;;
Chaco;10;9/3/2020;11,71;32;109;0;141;DEN 1 - DEN 4;9;8;17;;;141;6;16;22;879;70;;0;;;;;
Corrientes;10;9/3/2020;12,85;17;127;0;144;DEN 1 - DEN 4;26;15;41;;;144;8;22;30;670;89;;0;;;;;
Formosa;10;9/3/2020;7,27;14;30;0;44;DEN 4;14;10;24;;;44;2;0;2;138;5;;0;;;;;
Misiones;10;9/3/2020;35,44;145;302;0;447;DEN 1 - DEN 2 - DEN 4;6;5;11;;;447;3;0;3;1022;242;;1;;;;;
NEA;10;9/3/2020;;208;568;0;776;;55;38;93;;;776;19;38;57;2709;406;;1;;;;;
Catamarca;10;9/3/2020;1,93;5;3;0;8;DEN 1;5;4;9;;;8;0;0;0;228;4;;0;;;;;
Jujuy;10;9/3/2020;6,36;23;26;0;49;DEN 1 ;8;5;13;;;49;3;11;14;548;10;;0;;;;;
La Rioja;10;9/3/2020;16,77;27;39;0;66;DEN 1;1;0;1;;;66;0;1;1;172;15;;0;;;;;
Salta;10;9/3/2020;12,36;108;68;0;176;DEN 1 - DEN 4;28;7;35;;;176;15;22;37;1118;5;;0;;;;;
Santiago del Estero;10;9/3/2020;3,58;20;15;0;35;DEN 1;5;1;6;;;35;0;1;1;184;26;;0;;;;;
Tucuman;10;9/3/2020;1,06;6;12;0;18;DEN 4;0;1;1;;;18;0;7;7;183;14;;0;;;;;
NOA;10;9/3/2020;;189;163;0;352;;47;18;65;;;352;18;42;60;2433;74;;0;;;;;
Chubut;10;9/3/2020;0,00;0;0;0;0;Sin información;0;0;0;;;0;0;0;0;4;0;;0;;;;;
La Pampa;10;9/3/2020;0,00;0;0;0;0;Sin información;0;2;2;;;0;0;0;0;8;0;;0;;;;;
Neuquén;10;9/3/2020;0,00;0;0;0;0;Sin información;1;3;4;;;0;0;0;0;16;0;;0;;;;;
Río Negro;10;9/3/2020;0,00;0;0;0;0;Sin información;2;1;3;;;0;0;0;0;8;0;;0;;;;;
Santa Cruz;10;9/3/2020;0,00;0;0;0;0;Sin información;0;0;0;;;0;0;0;0;10;0;;0;;;;;
Tierra del Fuego;10;9/3/2020;0,00;0;0;0;0;Sin información;0;0;0;;;0;0;0;0;5;0;;0;;;;;
Sur;10;9/3/2020;;0;0;0;0;;3;6;9;;;0;0;0;0;51;0;;0;;;;;
Total PAIS;10;9/3/2020;;805;1248;0;2053;;465;262;727;0;0;2053;56;106;162;11103;936;;4;;;;;
Buenos Aires;9;2/3/2020;0,89;46;110;0;156;DEN 1 - DEN 2 - DEN 4;126;98;224;;;156;0;0;0;1338;55;1;2;;;;;
CABA;9;2/3/2020;5,85;95;85;0;180;DEN 1 - DEN 2 - DEN 4;143;54;197;;;180;4;6;10;948;103;;0;;;;;
Córdoba;9;2/3/2020;2,42;71;20;0;91;DEN 1;25;7;32;;;91;0;0;0;540;13;;0;;;;;
Entre Ríos;9;2/3/2020;1,52;11;10;0;21;DEN 4;8;4;12;;;21;0;3;3;177;5;;0;;;;;
Santa Fe;9;2/3/2020;0,57;15;5;0;20;DEN 1 - DEN 4;19;10;29;;;20;0;1;1;572;8;;0;;;;;
Centro;9;2/3/2020;;238;230;0;468;;321;173;494;;;468;4;10;14;3575;184;;2;;;;;
Mendoza;9;2/3/2020;0,05;1;0;0;1;DEN 4;4;2;6;;;1;0;0;0;14;1;;0;;;;;
San Juan;9;2/3/2020;0,00;0;0;0;0;Sin información;0;0;0;;;0;0;0;0;6;0;;0;;;;;
San Luis;9;2/3/2020;0,00;0;0;0;0;Sin información;0;0;0;;;0;0;0;0;37;0;;0;;;;;
Cuyo;9;2/3/2020;;1;0;0;1;;4;2;6;;;1;0;0;0;57;1;;0;;;;;
Chaco;9;2/3/2020;5,89;15;56;0;71;DEN 1 - DEN 4;9;7;16;;;71;5;3;8;551;31;;0;;;;;
Corrientes;9;2/3/2020;4,91;12;43;0;55;DEN 1 - DEN 4;24;7;31;;;55;4;7;11;419;33;;0;;;;;
Formosa;9;2/3/2020;6,44;17;22;0;39;DEN 4;11;7;18;;;39;0;0;0;112;27;;0;;;;;
Misiones;9;2/3/2020;16,25;119;86;0;205;DEN 1 - DEN 2;3;1;4;;;205;3;0;3;734;79;1;1;;;;;
NEA;9;2/3/2020;;163;207;0;370;;47;22;69;;;370;12;10;22;1816;170;;1;;;;;
Catamarca;9;2/3/2020;0,96;4;0;0;4;DEN 1;3;0;3;;;4;0;0;0;98;4;;0;;;;;
Jujuy;9;2/3/2020;5,06;22;17;0;39;DEN 1 ;3;7;10;;;39;0;5;5;412;-9;;0;;;;;
La Rioja;9;2/3/2020;12,96;25;26;0;51;DEN 1;1;0;1;;;51;0;0;0;112;11;;0;;;;;
Salta;9;2/3/2020;12,01;120;51;0;171;DEN 1 - DEN 4;27;7;34;;;171;0;0;0;767;42;;0;;;;;
Santiago del Estero;9;2/3/2020;0,92;8;1;0;9;DEN 1;3;1;4;;;9;0;0;0;67;9;;0;;;;;
Tucuman;9;2/3/2020;0,24;3;1;0;4;DEN 4;0;0;0;;;4;0;0;0;53;4;;0;;;;;
NOA;9;2/3/2020;;182;96;0;278;;37;15;52;;;278;0;5;5;1509;61;;0;;;;;
Chubut;9;2/3/2020;0,00;0;0;0;0;Sin información;0;0;0;;;0;0;0;0;2;0;;0;;;;;
La Pampa;9;2/3/2020;0,00;0;0;0;0;Sin información;0;0;0;;;0;0;0;0;4;0;;0;;;;;
Neuquén;9;2/3/2020;0,00;0;0;0;0;Sin información;1;2;3;;;0;0;0;0;14;0;;0;;;;;
Río Negro;9;2/3/2020;0,00;0;0;0;0;Sin información;1;1;2;;;0;0;0;0;6;0;;0;;;;;
Santa Cruz;9;2/3/2020;0,00;0;0;0;0;Sin información;0;0;0;;;0;0;0;0;6;0;;0;;;;;
Tierra del Fuego;9;2/3/2020;0,00;0;0;0;0;Sin información;0;0;0;;;0;0;0;0;2;0;;0;;;;;
Sur;9;2/3/2020;;0;0;0;0;;2;3;5;;;0;0;0;0;34;0;;0;;;;;
Total PAIS;9;2/3/2020;;584;533;0;1117;;411;215;626;0;0;1117;16;25;41;6991;416;;3;;;;;
Buenos Aires;8;24/2/2020;0,58;29;72;0;101;DEN 1 - DEN 2 - DEN 4;118;90;208;;;101;3;3;6;1083;87;;1;;;;;
CABA;8;24/2/2020;2,50;39;38;0;77;DEN 1 - DEN 2 - DEN 4;128;47;175;;;77;29;24;53;680;58;;0;;;;;
Córdoba;8;24/2/2020;2,07;69;9;0;78;DEN 1;27;8;35;;;78;1;0;1;423;77;;0;;;;;
Entre Ríos;8;24/2/2020;1,15;12;4;0;16;DEN 4;7;4;11;;;16;0;3;3;150;15;;0;;;;;
Santa Fe;8;24/2/2020;0,34;5;7;0;12;DEN 1 - DEN 4;19;9;28;;;12;0;1;1;486;12;;0;;;;;
Centro;8;24/2/2020;;154;130;0;284;;299;158;457;;;284;33;31;64;2822;249;;1;;;;;
Mendoza;8;24/2/2020;0,00;0;0;0;0;Sin información;4;1;5;;;0;1;1;2;14;0;;0;;;;;
San Juan;8;24/2/2020;0,00;0;0;0;0;Sin información;0;0;0;;;0;0;0;0;5;0;;0;;;;;
San Luis;8;24/2/2020;0,00;0;0;0;0;Sin información;0;0;0;;;0;0;0;0;32;0;;0;;;;;
Cuyo;8;24/2/2020;;0;0;0;0;;4;1;5;;;0;1;1;2;51;0;;0;;;;;
Chaco;8;24/2/2020;3,32;18;22;0;40;DEN 1 - DEN 4;9;8;17;;;40;0;0;0;414;31;;0;;;;;
Corrientes;8;24/2/2020;1,96;12;10;0;22;DEN 1 - DEN 4;25;2;27;;;22;4;7;11;318;20;;0;;;;;
Formosa;8;24/2/2020;1,98;5;7;0;12;DEN 4;11;7;18;;;12;0;0;0;57;12;;0;;;;;
Misiones;8;24/2/2020;9,99;109;17;0;126;DEN 1 - DEN 2;0;0;0;;;126;3;1;4;634;56;;0;;;;;
NEA;8;24/2/2020;;144;56;0;200;;45;17;62;;;200;7;8;15;1423;119;;0;;;;;
Catamarca;8;24/2/2020;0,00;0;0;0;0;Sin información;0;0;0;;;0;2;0;2;54;0;;0;;;;;
Jujuy;8;24/2/2020;6,23;30;18;0;48;DEN 1 ;2;3;5;;;48;1;7;8;404;32;;0;;;;;
La Rioja;8;24/2/2020;10,16;25;15;0;40;DEN 1;1;0;1;;;40;0;0;0;67;24;;0;;;;;
Salta;8;24/2/2020;9,06;105;24;0;129;DEN 1 - DEN 4;26;6;32;;;129;20;20;40;677;118;;0;;;;;
Santiago del Estero;8;24/2/2020;0,00;0;0;0;0;Sin información;3;0;3;;;0;0;0;0;48;0;;0;;;;;
Tucuman;8;24/2/2020;0,00;0;0;0;0;Sin información;0;0;0;;;0;0;1;1;36;0;;0;;;;;
NOA;8;24/2/2020;;160;57;0;217;;32;9;41;;;217;23;28;51;1286;174;;0;;;;;
Chubut;8;24/2/2020;0,00;0;0;0;0;Sin información;0;0;0;;;0;0;0;0;2;0;;0;;;;;
La Pampa;8;24/2/2020;0,00;0;0;0;0;Sin información;0;0;0;;;0;0;0;0;4;0;;0;;;;;
Neuquén;8;24/2/2020;0,00;0;0;0;0;Sin información;1;2;3;;;0;0;0;0;13;0;;0;;;;;
Río Negro;8;24/2/2020;0,00;0;0;0;0;Sin información;1;1;2;;;0;0;0;0;6;0;;0;;;;;
Santa Cruz;8;24/2/2020;0,00;0;0;0;0;Sin información;0;0;0;;;0;0;0;0;6;0;;0;;;;;
Tierra del Fuego;8;24/2/2020;0,00;0;0;0;0;Sin información;0;0;0;;;0;0;0;0;2;0;;0;;;;;
Sur;8;24/2/2020;;0;0;0;0;;2;3;5;;;0;0;0;0;33;0;;0;;;;;
Total PAIS;8;24/2/2020;;458;243;0;701;;382;188;570;0;0;701;64;68;132;5615;542;;1;;;;;
Buenos Aires;7;17/2/2020;0,07;1;12;0;13;DEN 1 ;83;70;153;;;13;3;7;10;786;-5;1;1;;;;;
CABA;7;17/2/2020;1,11;16;18;0;34;DEN 1 - DEN 2 - DEN 4;93;36;129;;;34;0;4;4;459;28;;0;;;;;
Córdoba;7;17/2/2020;0,43;15;1;0;16;DEN 1;12;5;17;;;16;0;0;0;274;15;;0;;;;;
Entre Ríos;7;17/2/2020;0,36;4;1;0;5;DEN 4;7;4;11;;;5;0;1;1;111;4;;0;;;;;
Santa Fe;7;17/2/2020;0,11;4;0;0;4;DEN 1 - DEN 4;14;8;22;;;4;0;0;0;391;4;;0;;;;;
Centro;7;17/2/2020;;40;32;0;72;;209;123;332;;;72;3;12;15;2021;46;;1;;;;;
Mendoza;7;17/2/2020;0,00;0;0;0;0;Sin información;4;1;5;;;0;0;0;0;11;0;;0;;;;;
San Juan;7;17/2/2020;0,00;0;0;0;0;Sin información;0;0;0;;;0;0;0;0;5;0;;0;;;;;
San Luis;7;17/2/2020;0,00;0;0;0;0;Sin información;0;0;0;;;0;0;0;0;27;0;;0;;;;;
Cuyo;7;17/2/2020;;0;0;0;0;;4;1;5;;;0;0;0;0;43;0;;0;;;;;
Chaco;7;17/2/2020;0,75;1;8;0;9;DEN 4;8;8;16;;;9;6;5;11;317;2;;0;;;;;
Corrientes;7;17/2/2020;0,89;6;4;0;10;DEN 1 - DEN 4;23;2;25;;;10;3;3;6;258;8;;0;;;;;
Formosa;7;17/2/2020;1,16;7;0;0;7;Sin información;6;0;6;;;7;0;0;0;33;7;;0;;;;;
Misiones;7;17/2/2020;7,37;72;21;0;93;DEN 1 - DEN 2;0;0;0;;;93;0;0;0;473;36;;0;;;;;
NEA;7;17/2/2020;;86;33;0;119;;37;10;47;;;119;9;8;17;1081;53;;0;;;;;
Catamarca;7;17/2/2020;0,00;0;0;0;0;Sin información;0;0;0;;;0;0;0;0;41;0;;0;;;;;
Jujuy;7;17/2/2020;3,24;9;16;0;25;DEN 1 ;2;3;5;;;25;1;0;1;359;16;;0;;;;;
La Rioja;7;17/2/2020;7,88;27;4;0;31;DEN 1;2;0;2;;;31;0;0;0;33;28;;0;;;;;
Salta;7;17/2/2020;1,90;22;5;0;27;DEN 1;23;5;28;;;27;9;7;16;405;18;;0;;;;;
Santiago del Estero;7;17/2/2020;0,00;0;0;0;0;Sin información;2;0;2;;;0;0;0;0;39;0;;0;;;;;
Tucuman;7;17/2/2020;0,00;0;0;0;0;Sin información;0;0;0;;;0;0;1;1;36;0;;0;;;;;
NOA;7;17/2/2020;;58;25;0;83;;29;8;37;;;83;10;8;18;913;62;;0;;;;;
Chubut;7;17/2/2020;0,00;0;0;0;0;Sin información;0;0;0;;;0;0;0;0;2;0;;0;;;;;
La Pampa;7;17/2/2020;0,00;0;0;0;0;Sin información;0;0;0;;;0;0;0;0;4;0;;0;;;;;
Neuquén;7;17/2/2020;0,00;0;0;0;0;Sin información;1;0;1;;;0;0;0;0;13;0;;0;;;;;
Río Negro;7;17/2/2020;0,00;0;0;0;0;Sin información;1;1;2;;;0;0;0;0;4;0;;0;;;;;
Santa Cruz;7;17/2/2020;0,00;0;0;0;0;Sin información;0;0;0;;;0;0;0;0;6;0;;0;;;;;
Tierra del Fuego;7;17/2/2020;0,00;0;0;0;0;Sin información;0;0;0;;;0;0;0;0;2;0;;0;;;;;
Sur;7;17/2/2020;;0;0;0;0;;2;1;3;;;0;0;0;0;31;0;;0;;;;;
Total PAIS;7;17/2/2020;;184;90;0;274;;281;143;424;0;0;274;22;28;50;4089;161;;1;;;;;
Buenos Aires;6;10/2/2020;0,08;0;14;0;14;DEN 1 - DEN 2 - DEN 4;58;41;99;;;14;3;7;10;;-4;;0;;;;;
CABA;6;10/2/2020;0,62;9;10;0;19;DEN 1 - DEN 2 - DEN 4;70;26;96;;;19;0;4;4;;13;;0;;;;;
Córdoba;6;10/2/2020;0,03;0;1;0;1;DEN 1;10;4;14;;;1;0;0;0;;0;;0;;;;;
Entre Ríos;6;10/2/2020;0,07;0;1;0;1;DEN 4;7;4;11;;;1;0;1;1;;0;;0;;;;;
Santa Fe;6;10/2/2020;0,00;0;0;0;0;Sin información;11;7;18;;;0;0;0;0;;0;;0;;;;;
Centro;6;10/2/2020;;9;26;0;35;;156;82;238;;;35;3;12;15;0;9;;0;;;;;
Mendoza;6;10/2/2020;0,00;0;0;0;0;Sin información;4;1;5;;;0;0;0;0;;0;;0;;;;;
San Juan;6;10/2/2020;0,00;0;0;0;0;Sin información;0;0;0;;;0;0;0;0;;0;;0;;;;;
San Luis;6;10/2/2020;0,00;0;0;0;0;Sin información;0;0;0;;;0;0;0;0;;0;;0;;;;;
Cuyo;6;10/2/2020;;0;0;0;0;;4;1;5;;;0;0;0;0;0;0;;0;;;;;
Chaco;6;10/2/2020;0,75;1;8;0;9;DEN 1 - DEN 4;7;4;11;;;9;6;5;11;;2;;0;;;;;
Corrientes;6;10/2/2020;0,18;1;1;0;2;DEN 1 - DEN 4;17;1;18;;;2;3;3;6;;0;;0;;;;;
Formosa;6;10/2/2020;0,00;0;0;0;0;Sin información;6;0;6;;;0;0;0;0;;0;;0;;;;;
Misiones;6;10/2/2020;5,55;58;12;0;70;DEN 1 - DEN 2;1;1;2;;;70;0;0;0;;13;;0;;;;;
NEA;6;10/2/2020;;60;21;0;81;;31;6;37;;;81;9;8;17;0;15;;0;;;;;
Catamarca;6;10/2/2020;0,00;0;0;0;0;Sin información;0;0;0;;;0;0;0;0;;0;;0;;;;;
Jujuy;6;10/2/2020;2,08;7;9;0;16;DEN 1 ;2;3;5;;;16;1;0;1;;7;;0;;;;;
La Rioja;6;10/2/2020;4,07;11;5;0;16;DEN 1;1;0;1;;;16;0;0;0;;13;;0;;;;;
Salta;6;10/2/2020;0,77;0;11;0;11;DEN 1 - DEN 4;11;5;16;;;11;9;7;16;;2;;0;;;;;
Santiago del Estero;6;10/2/2020;0,00;0;0;0;0;Sin información;2;0;2;;;0;0;0;0;;0;;0;;;;;
Tucuman;6;10/2/2020;0,00;0;0;0;0;Sin información;0;0;0;;;0;0;1;1;;0;;0;;;;;
NOA;6;10/2/2020;;18;25;0;43;;16;8;24;;;43;10;8;18;0;22;;0;;;;;
Chubut;6;10/2/2020;0,00;0;0;0;0;Sin información;0;0;0;;;0;0;0;0;;0;;0;;;;;
La Pampa;6;10/2/2020;0,00;0;0;0;0;Sin información;0;0;0;;;0;0;0;0;;0;;0;;;;;
Neuquén;6;10/2/2020;0,00;0;0;0;0;Sin información;0;0;0;;;0;0;0;0;;0;;0;;;;;
Río Negro;6;10/2/2020;0,00;0;0;0;0;Sin información;1;1;2;;;0;0;0;0;;0;;0;;;;;
Santa Cruz;6;10/2/2020;0,00;0;0;0;0;Sin información;0;0;0;;;0;0;0;0;;0;;0;;;;;
Tierra del Fuego;6;10/2/2020;0,00;0;0;0;0;Sin información;0;0;0;;;0;0;0;0;;0;;0;;;;;
Sur;6;10/2/2020;;0;0;0;0;;1;1;2;;;0;0;0;0;0;0;;0;;;;;
Total PAIS;6;10/2/2020;;87;72;0;159;;208;98;306;0;0;159;22;28;50;0;46;;0;;;;;
Buenos Aires;5;3/2/2020;0,10;0;18;0;18;Sin información;48;27;75;;;18;;;0;497;7;;0;;;;;
CABA;5;3/2/2020;0,20;1;5;0;6;DEN 2 ;59;17;76;;;6;;;0;266;2;;0;;;;;
Córdoba;5;3/2/2020;0,03;0;1;0;1;Sin información;2;2;4;;;1;;;0;195;1;;0;;;;;
Entre Ríos;5;3/2/2020;0,07;0;1;0;1;Sin información;6;3;9;;;1;;;0;87;1;;0;;;;;
Santa Fe;5;3/2/2020;0,00;0;0;0;0;Sin información;9;6;15;;;0;;;0;322;0;;0;;;;;
Centro;5;3/2/2020;;1;25;0;26;;124;55;179;;;26;;;0;1367;11;;0;;;;;
Mendoza;5;3/2/2020;0,00;0;0;0;0;Sin información;3;1;4;;;0;;;0;11;0;;0;;;;;
San Juan;5;3/2/2020;0,00;0;0;0;0;Sin información;0;0;0;;;0;;;0;5;0;;0;;;;;
San Luis;5;3/2/2020;0,00;0;0;0;0;Sin información;0;0;0;;;0;;;0;20;0;;0;;;;;
Cuyo;5;3/2/2020;;0;0;0;0;;3;1;4;;;0;;;0;36;0;;0;;;;;
Chaco;5;3/2/2020;0,58;0;7;0;7;Sin información;2;3;5;;;7;;;0;231;5;;0;;;;;
Corrientes;5;3/2/2020;0,18;1;1;0;2;DEN 1;14;1;15;;;2;;;0;170;1;;0;;;;;
Formosa;5;3/2/2020;0,00;0;0;0;0;Sin información;6;0;6;;;0;;;0;10;-1;;0;;;;;
Misiones;5;3/2/2020;4,52;45;12;0;57;DEN 1 - DEN 2;0;0;0;;;57;;;0;359;8;;0;;;;;
NEA;5;3/2/2020;;46;20;0;66;;22;4;26;;;66;;;0;770;13;;0;;;;;
Catamarca;5;3/2/2020;0,00;0;0;0;0;Sin información;0;0;0;;;0;;;0;28;0;;0;;;;;
Jujuy;5;3/2/2020;1,17;5;4;0;9;DEN 1 ;0;3;3;;;9;;;0;264;9;;0;;;;;
La Rioja;5;3/2/2020;0,76;0;3;0;3;En estudio;0;0;0;;;3;;;0;4;3;;0;;;;;
Salta;5;3/2/2020;0,63;0;9;0;9;Sin información;5;2;7;;;9;;;0;251;7;;0;;;;;
Santiago del Estero;5;3/2/2020;0,00;0;0;0;0;Sin información;1;0;1;;;0;;;0;33;0;;0;;;;;
Tucuman;5;3/2/2020;0,00;0;0;0;0;Sin información;0;0;0;;;0;;;0;32;-1;;0;;;;;
NOA;5;3/2/2020;;5;16;0;21;;6;5;11;;;21;;;0;612;18;;0;;;;;
Chubut;5;3/2/2020;0,00;0;0;0;0;Sin información;0;0;0;;;0;;;0;2;0;;0;;;;;
La Pampa;5;3/2/2020;0,00;0;0;0;0;Sin información;0;0;0;;;0;;;0;4;0;;0;;;;;
Neuquén;5;3/2/2020;0,00;0;0;0;0;Sin información;0;0;0;;;0;;;0;11;0;;0;;;;;
Río Negro;5;3/2/2020;0,00;0;0;0;0;Sin información;1;1;2;;;0;;;0;3;0;;0;;;;;
Santa Cruz;5;3/2/2020;0,00;0;0;0;0;Sin información;0;0;0;;;0;;;0;5;0;;0;;;;;
Tierra del Fuego;5;3/2/2020;0,00;0;0;0;0;Sin información;0;0;0;;;0;;;0;1;0;;0;;;;;
Sur;5;3/2/2020;;0;0;0;0;;1;1;2;;;0;;;0;26;0;;0;;;;;
Total PAIS;5;3/2/2020;;52;61;0;113;;156;66;222;0;0;113;0;0;0;2811;42;;0;;;;;
Buenos Aires;4;27/1/2020;0,06;0;11;0;11;Sin información;24;22;46;;;11;;;0;384;5;;0;;;;;
CABA;4;27/1/2020;0,13;1;3;0;4;DEN 2 ;33;12;45;;;4;;;0;204;2;;0;;;;;
Córdoba;4;27/1/2020;0,00;0;0;0;0;Sin información;1;2;3;;;0;;;0;174;0;;0;;;;;
Entre Ríos;4;27/1/2020;0,00;0;0;0;0;Sin información;4;5;9;;;0;;;0;80;0;;0;;;;;
Santa Fe;4;27/1/2020;0,00;0;0;0;0;Sin información;5;4;9;;;0;;;0;289;0;;0;;;;;
Centro;4;27/1/2020;;1;14;0;15;;67;45;112;;;15;;;0;1131;7;;0;;;;;
Mendoza;4;27/1/2020;0,00;0;0;0;0;Sin información;1;1;2;;;0;;;0;7;0;;0;;;;;
San Juan;4;27/1/2020;0,00;0;0;0;0;Sin información;0;0;0;;;0;;;0;5;0;;0;;;;;
San Luis;4;27/1/2020;0,00;0;0;0;0;Sin información;0;0;0;;;0;;;0;21;0;;0;;;;;
Cuyo;4;27/1/2020;;0;0;0;0;;1;1;2;;;0;;;0;33;0;;0;;;;;
Chaco;4;27/1/2020;0,17;0;2;0;2;Sin información;1;2;3;;;2;;;0;170;-1;;0;;;;;
Corrientes;4;27/1/2020;0,09;0;1;0;1;Sin información;3;4;7;;;1;;;0;129;1;;0;;;;;
Formosa;4;27/1/2020;0,17;0;1;0;1;Sin información;5;0;5;;;1;;;0;11;1;;0;;;;;
Misiones;4;27/1/2020;3,88;43;6;0;49;DEN 1 - DEN 2;0;1;1;;;49;;;0;380;19;;0;;;;;
NEA;4;27/1/2020;;43;10;0;53;;9;7;16;;;53;;;0;690;20;;0;;;;;
Catamarca;4;27/1/2020;0,00;0;0;0;0;Sin información;0;0;0;;;0;;;0;31;0;;0;;;;;
Jujuy;4;27/1/2020;0,00;0;0;0;0;Sin información;4;2;6;;;0;;;0;229;0;;0;;;;;
La Rioja;4;27/1/2020;0,00;0;0;0;0;Sin información;0;0;0;;;0;;;0;0;0;;0;;;;;
Salta;4;27/1/2020;0,14;0;2;0;2;Sin información;0;3;3;;;2;;;0;229;2;;0;;;;;
Santiago del Estero;4;27/1/2020;0,00;0;0;0;0;Sin información;1;0;1;;;0;;;0;29;0;;0;;;;;
Tucuman;4;27/1/2020;0,06;0;1;0;1;Sin información;0;0;0;;;1;;;0;30;0;;0;;;;;
NOA;4;27/1/2020;;0;3;0;3;;5;5;10;;;3;;;0;548;2;;0;;;;;
Chubut;4;27/1/2020;0,00;0;0;0;0;Sin información;0;0;0;;;0;;;0;1;0;;0;;;;;
La Pampa;4;27/1/2020;0,00;0;0;0;0;Sin información;0;0;0;;;0;;;0;2;0;;0;;;;;
Neuquén;4;27/1/2020;0,00;0;0;0;0;Sin información;0;0;0;;;0;;;0;8;0;;0;;;;;
Río Negro;4;27/1/2020;0,00;0;0;0;0;Sin información;1;0;1;;;0;;;0;3;0;;0;;;;;
Santa Cruz;4;27/1/2020;0,00;0;0;0;0;Sin información;0;0;0;;;0;;;0;5;0;;0;;;;;
Tierra del Fuego;4;27/1/2020;0,00;0;0;0;0;Sin información;0;0;0;;;0;;;0;1;0;;0;;;;;
Sur;4;27/1/2020;;0;0;0;0;;1;0;1;;;0;;;0;20;0;;0;;;;;
Total PAIS;4;27/1/2020;;44;27;0;71;;83;58;141;0;0;71;0;0;0;2422;29;;0;;;;;
Buenos Aires;2;13/1/2020;0,03;0;6;0;6;Sin información;3;5;8;;;6;;;0;;1;;0;;;;;
CABA;2;13/1/2020;0,07;1;1;0;2;Sin información;11;4;15;;;2;;;0;;-1;;0;;;;;
Córdoba;2;13/1/2020;0,00;0;0;0;0;Sin información;1;1;2;;;0;;;0;;0;;0;;;;;
Entre Ríos;2;13/1/2020;0,00;0;0;0;0;Sin información;2;0;2;;;0;;;0;;0;;0;;;;;
Santa Fe;2;13/1/2020;0,00;0;0;0;0;Sin información;2;2;4;;;0;;;0;;0;;0;;;;;
Centro;2;13/1/2020;;1;7;0;8;;19;12;31;;;8;;;0;0;0;;0;;;;;
Mendoza;2;13/1/2020;0,00;0;0;0;0;Sin información;0;1;1;;;0;;;0;;0;;0;;;;;
San Juan;2;13/1/2020;0,00;0;0;0;0;Sin información;0;0;0;;;0;;;0;;0;;0;;;;;
San Luis;2;13/1/2020;0,00;0;0;0;0;Sin información;0;0;0;;;0;;;0;;0;;0;;;;;
Cuyo;2;13/1/2020;;0;0;0;0;;0;1;1;;;0;;;0;0;0;;0;;;;;
Chaco;2;13/1/2020;0,25;0;3;0;3;Sin información;0;0;0;;;3;;;0;;0;;0;;;;;
Corrientes;2;13/1/2020;0,00;0;0;0;0;Sin información;2;0;2;;;0;;;0;;0;;0;;;;;
Formosa;2;13/1/2020;0,00;0;0;0;0;Sin información;0;0;0;;;0;;;0;;0;;0;;;;;
Misiones;2;13/1/2020;2,38;22;8;0;30;Sin información;0;0;0;;;30;;;0;;6;;0;;;;;
NEA;2;13/1/2020;;22;11;0;33;;2;0;2;;;33;;;0;0;6;;0;;;;;
Catamarca;2;13/1/2020;0,00;0;0;0;0;Sin información;0;0;0;;;0;;;0;;0;;0;;;;;
Jujuy;2;13/1/2020;0,00;0;0;0;0;Sin información;1;1;2;;;0;;;0;;0;;0;;;;;
La Rioja;2;13/1/2020;0,00;0;0;0;0;Sin información;0;0;0;;;0;;;0;;0;;0;;;;;
Salta;2;13/1/2020;0,00;0;0;0;0;Sin información;0;0;0;;;0;;;0;;0;;0;;;;;
Santiago del Estero;2;13/1/2020;0,00;0;0;0;0;Sin información;0;0;0;;;0;;;0;;0;;0;;;;;
Tucuman;2;13/1/2020;0,06;0;1;0;1;Sin información;0;0;0;;;1;;;0;;0;;0;;;;;
NOA;2;13/1/2020;;0;1;0;1;;1;1;2;;;1;;;0;0;0;;0;;;;;
Chubut;2;13/1/2020;0,00;0;0;0;0;Sin información;0;0;0;;;0;;;0;;0;;0;;;;;
La Pampa;2;13/1/2020;0,00;0;0;0;0;Sin información;0;0;0;;;0;;;0;;0;;0;;;;;
Neuquén;2;13/1/2020;0,00;0;0;0;0;Sin información;0;0;0;;;0;;;0;;0;;0;;;;;
Río Negro;2;13/1/2020;0,00;0;0;0;0;Sin información;1;0;1;;;0;;;0;;0;;0;;;;;
Santa Cruz;2;13/1/2020;0,00;0;0;0;0;Sin información;0;0;0;;;0;;;0;;0;;0;;;;;
Tierra del Fuego;2;13/1/2020;0,00;0;0;0;0;Sin información;0;0;0;;;0;;;0;;0;;0;;;;;
Sur;2;13/1/2020;;0;0;0;0;;1;0;1;;;0;;;0;0;0;;0;;;;;
Total PAIS;2;13/1/2020;;23;19;0;42;;23;14;37;0;0;42;0;0;0;0;6;;0;;;;;
Buenos Aires;1;6/1/2020;0,03;1;4;0;5;Sin información;2;5;7;;;5;;;0;;5;;0;;;;;
CABA;1;6/1/2020;0,10;1;2;0;3;Sin información;10;2;12;;;3;;;0;;3;;0;;;;;
Córdoba;1;6/1/2020;0,00;0;0;0;0;Sin información;1;1;2;;;0;;;0;;0;;0;;;;;
Entre Ríos;1;6/1/2020;0,00;0;0;0;0;Sin información;1;0;1;;;0;;;0;;0;;0;;;;;
Santa Fe;1;6/1/2020;0,00;0;0;0;0;Sin información;1;2;3;;;0;;;0;;0;;0;;;;;
Centro;1;6/1/2020;;2;6;0;8;;15;10;25;;;8;;;0;0;8;;0;;;;;
Mendoza;1;6/1/2020;0,00;0;0;0;0;Sin información;0;1;1;;;0;;;0;;0;;0;;;;;
San Juan;1;6/1/2020;0,00;0;0;0;0;Sin información;0;0;0;;;0;;;0;;0;;0;;;;;
San Luis;1;6/1/2020;0,00;0;0;0;0;Sin información;0;0;0;;;0;;;0;;0;;0;;;;;
Cuyo;1;6/1/2020;;0;0;0;0;;0;1;1;;;0;;;0;0;0;;0;;;;;
Chaco;1;6/1/2020;0,25;0;3;0;3;Sin información;0;0;0;;;3;;;0;;3;;0;;;;;
Corrientes;1;6/1/2020;0,00;0;0;0;0;Sin información;0;0;0;;;0;;;0;;0;;0;;;;;
Formosa;1;6/1/2020;0,00;0;0;0;0;Sin información;0;0;0;;;0;;;0;;0;;0;;;;;
Misiones;1;6/1/2020;1,90;17;7;0;24;Sin información;0;0;0;;;24;;;0;;24;;0;;;;;
NEA;1;6/1/2020;;17;10;0;27;;0;0;0;;;27;;;0;0;27;;0;;;;;
Catamarca;1;6/1/2020;0,00;0;0;0;0;Sin información;0;0;0;;;0;;;0;;0;;0;;;;;
Jujuy;1;6/1/2020;0,00;0;0;0;0;Sin información;1;1;2;;;0;;;0;;0;;0;;;;;
La Rioja;1;6/1/2020;0,00;0;0;0;0;Sin información;0;0;0;;;0;;;0;;0;;0;;;;;
Salta;1;6/1/2020;0,00;0;0;0;0;Sin información;0;0;0;;;0;;;0;;0;;0;;;;;
Santiago del Estero;1;6/1/2020;0,00;0;0;0;0;Sin información;0;0;0;;;0;;;0;;0;;0;;;;;
Tucuman;1;6/1/2020;0,06;0;1;0;1;Sin información;0;0;0;;;1;;;0;;1;;0;;;;;
NOA;1;6/1/2020;;0;1;0;1;;1;1;2;;;1;;;0;0;1;;0;;;;;
Chubut;1;6/1/2020;0,00;0;0;0;0;Sin información;0;0;0;;;0;;;0;;0;;0;;;;;
La Pampa;1;6/1/2020;0,00;0;0;0;0;Sin información;0;0;0;;;0;;;0;;0;;0;;;;;
Neuquén;1;6/1/2020;0,00;0;0;0;0;Sin información;0;0;0;;;0;;;0;;0;;0;;;;;
Río Negro;1;6/1/2020;0,00;0;0;0;0;Sin información;0;0;0;;;0;;;0;;0;;0;;;;;
Santa Cruz;1;6/1/2020;0,00;0;0;0;0;Sin información;0;0;0;;;0;;;0;;0;;0;;;;;
Tierra del Fuego;1;6/1/2020;0,00;0;0;0;0;Sin información;0;0;0;;;0;;;0;;0;;0;;;;;
Sur;1;6/1/2020;;0;0;0;0;;0;0;0;;;0;;;0;0;0;;0;;;;;
Total PAIS;1;6/1/2020;;19;17;0;36;;16;12;28;0;0;36;0;0;0;0;36;;0;;;;;